title,author,genre,page_number,description,publisher
Fundamentals of Wavelets,"Goswami, Jaideva",signal_processing,228,Dolorum amet iste laborum eius est dolor. Minus voluptatem quisquam quibusdam sed. A quo sed fugit facilis perferendis dolores molestias. Sit veniam sed fuga aspernatur natus. Quas dignissimos perferendis voluptatibus incidunt nostrum quia possimus rerum. Et necessitatibus architecto aut consequatur debitis et id.,Wiley
Data Smart,"Foreman, John",data_science,235,Dolorum amet iste laborum eius est dolor. Minus voluptatem quisquam quibusdam sed. A quo sed fugit facilis perferendis dolores molestias. Sit veniam sed fuga aspernatur natus. Quas dignissimos perferendis voluptatibus incidunt nostrum quia possimus rerum. Et necessitatibus architecto aut consequatur debitis et id.,Wiley
God Created the Integers,"Hawking, Stephen",mathematics,197,Dolorum amet iste laborum eius est dolor. Minus voluptatem quisquam quibusdam sed. A quo sed fugit facilis perferendis dolores molestias. Sit veniam sed fuga aspernatur natus. Quas dignissimos perferendis voluptatibus incidunt nostrum quia possimus rerum. Et necessitatibus architecto aut consequatur debitis et id.,Penguin
Superfreakonomics,"Dubner, Stephen",economics,179,Dolorum amet iste laborum eius est dolor. Minus voluptatem quisquam quibusdam sed. A quo sed fugit facilis perferendis dolores molestias. Sit veniam sed fuga aspernatur natus. Quas dignissimos perferendis voluptatibus incidunt nostrum quia possimus rerum. Et necessitatibus architecto aut consequatur debitis et id.,HarperCollins
Orientalism,"Said, Edward",history,197,Dolorum amet iste laborum eius est dolor. Minus voluptatem quisquam quibusdam sed. A quo sed fugit facilis perferendis dolores molestias. Sit veniam sed fuga aspernatur natus. Quas dignissimos perferendis voluptatibus incidunt nostrum quia possimus rerum. Et necessitatibus architecto aut consequatur debitis et id.,Penguin
"Nature of Statistical Learning Theory, The","Vapnik, Vladimir",data_science,230,Dolorum amet iste laborum eius est dolor. Minus voluptatem quisquam quibusdam sed. A quo sed fugit facilis perferendis dolores molestias. Sit veniam sed fuga aspernatur natus. Quas dignissimos perferendis voluptatibus incidunt nostrum quia possimus rerum. Et necessitatibus architecto aut consequatur debitis et id.,Springer
Integration of the Indian States,"Menon, V P",history,217,Dolorum amet iste laborum eius est dolor. Minus voluptatem quisquam quibusdam sed. A quo sed fugit facilis perferendis dolores molestias. Sit veniam sed fuga aspernatur natus. Quas dignissimos perferendis voluptatibus incidunt nostrum quia possimus rerum. Et necessitatibus architecto aut consequatur debitis et id.,Orient Blackswan
"Drunkard's Walk, The","Mlodinow, Leonard",science,197,Dolorum amet iste laborum eius est dolor. Minus voluptatem quisquam quibusdam sed. A quo sed fugit facilis perferendis dolores molestias. Sit veniam sed fuga aspernatur natus. Quas dignissimos perferendis voluptatibus incidunt nostrum quia possimus rerum. Et necessitatibus architecto aut consequatur debitis et id.,Penguin
Image Processing & Mathematical Morphology,"Shih, Frank",signal_processing,241,Dolorum amet iste laborum eius est dolor. Minus voluptatem quisquam quibusdam sed. A quo sed fugit facilis perferendis dolores molestias. Sit veniam sed fuga aspernatur natus. Quas dignissimos perferendis voluptatibus incidunt nostrum quia possimus rerum. Et necessitatibus architecto aut consequatur debitis et id.,CRC
How to Think Like Sherlock Holmes,"Konnikova, Maria",psychology,240,Dolorum amet iste laborum eius est dolor. Minus voluptatem quisquam quibusdam sed. A quo sed fugit facilis perferendis dolores molestias. Sit veniam sed fuga aspernatur natus. Quas dignissimos perferendis voluptatibus incidunt nostrum quia possimus rerum. Et necessitatibus architecto aut consequatur debitis et id.,Penguin
Data Scientists at Work,Sebastian Gutierrez,data_science,230,Dolorum amet iste laborum eius est dolor. Minus voluptatem quisquam quibusdam sed. A quo sed fugit facilis perferendis dolores molestias. Sit veniam sed fuga aspernatur natus. Quas dignissimos perferendis voluptatibus incidunt nostrum quia possimus rerum. Et necessitatibus architecto aut consequatur debitis et id.,Apress
Slaughterhouse Five,"Vonnegut, Kurt",fiction,198,Dolorum amet iste laborum eius est dolor. Minus voluptatem quisquam quibusdam sed. A quo sed fugit facilis perferendis dolores molestias. Sit veniam sed fuga aspernatur natus. Quas dignissimos perferendis voluptatibus incidunt nostrum quia possimus rerum. Et necessitatibus architecto aut consequatur debitis et id.,Random House
Birth of a Theorem,"Villani, Cedric",mathematics,234,Dolorum amet iste laborum eius est dolor. Minus voluptatem quisquam quibusdam sed. A quo sed fugit facilis perferendis dolores molestias. Sit veniam sed fuga aspernatur natus. Quas dignissimos perferendis voluptatibus incidunt nostrum quia possimus rerum. Et necessitatibus architecto aut consequatur debitis et id.,Bodley Head
Structure & Interpretation of Computer Programs,"Sussman, Gerald",computer_science,240,Dolorum amet iste laborum eius est dolor. Minus voluptatem quisquam quibusdam sed. A quo sed fugit facilis perferendis dolores molestias. Sit veniam sed fuga aspernatur natus. Quas dignissimos perferendis voluptatibus incidunt nostrum quia possimus rerum. Et necessitatibus architecto aut consequatur debitis et id.,MIT Press
"Age of Wrath, The","Eraly, Abraham",history,238,Dolorum amet iste laborum eius est dolor. Minus voluptatem quisquam quibusdam sed. A quo sed fugit facilis perferendis dolores molestias. Sit veniam sed fuga aspernatur natus. Quas dignissimos perferendis voluptatibus incidunt nostrum quia possimus rerum. Et necessitatibus architecto aut consequatur debitis et id.,Penguin
"Trial, The","Kafka, Frank",fiction,198,Dolorum amet iste laborum eius est dolor. Minus voluptatem quisquam quibusdam sed. A quo sed fugit facilis perferendis dolores molestias. Sit veniam sed fuga aspernatur natus. Quas dignissimos perferendis voluptatibus incidunt nostrum quia possimus rerum. Et necessitatibus architecto aut consequatur debitis et id.,Random House
Statistical Decision Theory',"Pratt, John",data_science,236,Dolorum amet iste laborum eius est dolor. Minus voluptatem quisquam quibusdam sed. A quo sed fugit facilis perferendis dolores molestias. Sit veniam sed fuga aspernatur natus. Quas dignissimos perferendis voluptatibus incidunt nostrum quia possimus rerum. Et necessitatibus architecto aut consequatur debitis et id.,MIT Press
Data Mining Handbook,"Nisbet, Robert",data_science,242,Dolorum amet iste laborum eius est dolor. Minus voluptatem quisquam quibusdam sed. A quo sed fugit facilis perferendis dolores molestias. Sit veniam sed fuga aspernatur natus. Quas dignissimos perferendis voluptatibus incidunt nostrum quia possimus rerum. Et necessitatibus architecto aut consequatur debitis et id.,Apress
"New Machiavelli, The","Wells, H. G.",fiction,180,Dolorum amet iste laborum eius est dolor. Minus voluptatem quisquam quibusdam sed. A quo sed fugit facilis perferendis dolores molestias. Sit veniam sed fuga aspernatur natus. Quas dignissimos perferendis voluptatibus incidunt nostrum quia possimus rerum. Et necessitatibus architecto aut consequatur debitis et id.,Penguin
Physics & Philosophy,"Heisenberg, Werner",science,197,Dolorum amet iste laborum eius est dolor. Minus voluptatem quisquam quibusdam sed. A quo sed fugit facilis perferendis dolores molestias. Sit veniam sed fuga aspernatur natus. Quas dignissimos perferendis voluptatibus incidunt nostrum quia possimus rerum. Et necessitatibus architecto aut consequatur debitis et id.,Penguin
Making Software,"Oram, Andy",computer_science,232,Dolorum amet iste laborum eius est dolor. Minus voluptatem quisquam quibusdam sed. A quo sed fugit facilis perferendis dolores molestias. Sit veniam sed fuga aspernatur natus. Quas dignissimos perferendis voluptatibus incidunt nostrum quia possimus rerum. Et necessitatibus architecto aut consequatur debitis et id.,O'Reilly
"Analysis, Vol I","Tao, Terence",mathematics,248,Dolorum amet iste laborum eius est dolor. Minus voluptatem quisquam quibusdam sed. A quo sed fugit facilis perferendis dolores molestias. Sit veniam sed fuga aspernatur natus. Quas dignissimos perferendis voluptatibus incidunt nostrum quia possimus rerum. Et necessitatibus architecto aut consequatur debitis et id.,HBA
Machine Learning for Hackers,"Conway, Drew",data_science,233,Dolorum amet iste laborum eius est dolor. Minus voluptatem quisquam quibusdam sed. A quo sed fugit facilis perferendis dolores molestias. Sit veniam sed fuga aspernatur natus. Quas dignissimos perferendis voluptatibus incidunt nostrum quia possimus rerum. Et necessitatibus architecto aut consequatur debitis et id.,O'Reilly
"Signal and the Noise, The","Silver, Nate",data_science,233,Dolorum amet iste laborum eius est dolor. Minus voluptatem quisquam quibusdam sed. A quo sed fugit facilis perferendis dolores molestias. Sit veniam sed fuga aspernatur natus. Quas dignissimos perferendis voluptatibus incidunt nostrum quia possimus rerum. Et necessitatibus architecto aut consequatur debitis et id.,Penguin
Python for Data Analysis,"McKinney, Wes",data_science,233,Dolorum amet iste laborum eius est dolor. Minus voluptatem quisquam quibusdam sed. A quo sed fugit facilis perferendis dolores molestias. Sit veniam sed fuga aspernatur natus. Quas dignissimos perferendis voluptatibus incidunt nostrum quia possimus rerum. Et necessitatibus architecto aut consequatur debitis et id.,O'Reilly
Introduction to Algorithms,"Cormen, Thomas",computer_science,234,Dolorum amet iste laborum eius est dolor. Minus voluptatem quisquam quibusdam sed. A quo sed fugit facilis perferendis dolores molestias. Sit veniam sed fuga aspernatur natus. Quas dignissimos perferendis voluptatibus incidunt nostrum quia possimus rerum. Et necessitatibus architecto aut consequatur debitis et id.,MIT Press
"Beautiful and the Damned, The","Deb, Siddhartha",nonfiction,198,Dolorum amet iste laborum eius est dolor. Minus voluptatem quisquam quibusdam sed. A quo sed fugit facilis perferendis dolores molestias. Sit veniam sed fuga aspernatur natus. Quas dignissimos perferendis voluptatibus incidunt nostrum quia possimus rerum. Et necessitatibus architecto aut consequatur debitis et id.,Penguin
"Outsider, The","Camus, Albert",fiction,198,Dolorum amet iste laborum eius est dolor. Minus voluptatem quisquam quibusdam sed. A quo sed fugit facilis perferendis dolores molestias. Sit veniam sed fuga aspernatur natus. Quas dignissimos perferendis voluptatibus incidunt nostrum quia possimus rerum. Et necessitatibus architecto aut consequatur debitis et id.,Penguin
"Complete Sherlock Holmes, The - Vol I","Doyle, Arthur Conan",fiction,176,Dolorum amet iste laborum eius est dolor. Minus voluptatem quisquam quibusdam sed. A quo sed fugit facilis perferendis dolores molestias. Sit veniam sed fuga aspernatur natus. Quas dignissimos perferendis voluptatibus incidunt nostrum quia possimus rerum. Et necessitatibus architecto aut consequatur debitis et id.,Random House
"Complete Sherlock Holmes, The - Vol II","Doyle, Arthur Conan",fiction,176,Dolorum amet iste laborum eius est dolor. Minus voluptatem quisquam quibusdam sed. A quo sed fugit facilis perferendis dolores molestias. Sit veniam sed fuga aspernatur natus. Quas dignissimos perferendis voluptatibus incidunt nostrum quia possimus rerum. Et necessitatibus architecto aut consequatur debitis et id.,Random House
"Wealth of Nations, The","Smith, Adam",economics,175,Dolorum amet iste laborum eius est dolor. Minus voluptatem quisquam quibusdam sed. A quo sed fugit facilis perferendis dolores molestias. Sit veniam sed fuga aspernatur natus. Quas dignissimos perferendis voluptatibus incidunt nostrum quia possimus rerum. Et necessitatibus architecto aut consequatur debitis et id.,Random House
"Pillars of the Earth, The","Follett, Ken",fiction,176,Dolorum amet iste laborum eius est dolor. Minus voluptatem quisquam quibusdam sed. A quo sed fugit facilis perferendis dolores molestias. Sit veniam sed fuga aspernatur natus. Quas dignissimos perferendis voluptatibus incidunt nostrum quia possimus rerum. Et necessitatibus architecto aut consequatur debitis et id.,Random House
Mein Kampf,"Hitler, Adolf",nonfiction,212,Dolorum amet iste laborum eius est dolor. Minus voluptatem quisquam quibusdam sed. A quo sed fugit facilis perferendis dolores molestias. Sit veniam sed fuga aspernatur natus. Quas dignissimos perferendis voluptatibus incidunt nostrum quia possimus rerum. Et necessitatibus architecto aut consequatur debitis et id.,Rupa
"Tao of Physics, The","Capra, Fritjof",science,179,Dolorum amet iste laborum eius est dolor. Minus voluptatem quisquam quibusdam sed. A quo sed fugit facilis perferendis dolores molestias. Sit veniam sed fuga aspernatur natus. Quas dignissimos perferendis voluptatibus incidunt nostrum quia possimus rerum. Et necessitatibus architecto aut consequatur debitis et id.,Penguin
Surely You're Joking Mr Feynman,"Feynman, Richard",science,198,Dolorum amet iste laborum eius est dolor. Minus voluptatem quisquam quibusdam sed. A quo sed fugit facilis perferendis dolores molestias. Sit veniam sed fuga aspernatur natus. Quas dignissimos perferendis voluptatibus incidunt nostrum quia possimus rerum. Et necessitatibus architecto aut consequatur debitis et id.,Random House
"Farewell to Arms, A","Hemingway, Ernest",fiction,179,Dolorum amet iste laborum eius est dolor. Minus voluptatem quisquam quibusdam sed. A quo sed fugit facilis perferendis dolores molestias. Sit veniam sed fuga aspernatur natus. Quas dignissimos perferendis voluptatibus incidunt nostrum quia possimus rerum. Et necessitatibus architecto aut consequatur debitis et id.,Rupa
"Veteran, The","Forsyth, Frederick",fiction,177,Dolorum amet iste laborum eius est dolor. Minus voluptatem quisquam quibusdam sed. A quo sed fugit facilis perferendis dolores molestias. Sit veniam sed fuga aspernatur natus. Quas dignissimos perferendis voluptatibus incidunt nostrum quia possimus rerum. Et necessitatibus architecto aut consequatur debitis et id.,Transworld
False Impressions,"Archer, Jeffery",fiction,177,Dolorum amet iste laborum eius est dolor. Minus voluptatem quisquam quibusdam sed. A quo sed fugit facilis perferendis dolores molestias. Sit veniam sed fuga aspernatur natus. Quas dignissimos perferendis voluptatibus incidunt nostrum quia possimus rerum. Et necessitatibus architecto aut consequatur debitis et id.,Pan
"Last Lecture, The","Pausch, Randy",nonfiction,197,Dolorum amet iste laborum eius est dolor. Minus voluptatem quisquam quibusdam sed. A quo sed fugit facilis perferendis dolores molestias. Sit veniam sed fuga aspernatur natus. Quas dignissimos perferendis voluptatibus incidunt nostrum quia possimus rerum. Et necessitatibus architecto aut consequatur debitis et id.,Hyperion
Return of the Primitive,"Rand, Ayn",philosophy,202,Dolorum amet iste laborum eius est dolor. Minus voluptatem quisquam quibusdam sed. A quo sed fugit facilis perferendis dolores molestias. Sit veniam sed fuga aspernatur natus. Quas dignissimos perferendis voluptatibus incidunt nostrum quia possimus rerum. Et necessitatibus architecto aut consequatur debitis et id.,Penguin
Jurassic Park,"Crichton, Michael",fiction,174,Dolorum amet iste laborum eius est dolor. Minus voluptatem quisquam quibusdam sed. A quo sed fugit facilis perferendis dolores molestias. Sit veniam sed fuga aspernatur natus. Quas dignissimos perferendis voluptatibus incidunt nostrum quia possimus rerum. Et necessitatibus architecto aut consequatur debitis et id.,Random House
"Russian Journal, A","Steinbeck, John",nonfiction,196,Dolorum amet iste laborum eius est dolor. Minus voluptatem quisquam quibusdam sed. A quo sed fugit facilis perferendis dolores molestias. Sit veniam sed fuga aspernatur natus. Quas dignissimos perferendis voluptatibus incidunt nostrum quia possimus rerum. Et necessitatibus architecto aut consequatur debitis et id.,Penguin
Tales of Mystery and Imagination,"Poe, Edgar Allen",fiction,172,Dolorum amet iste laborum eius est dolor. Minus voluptatem quisquam quibusdam sed. A quo sed fugit facilis perferendis dolores molestias. Sit veniam sed fuga aspernatur natus. Quas dignissimos perferendis voluptatibus incidunt nostrum quia possimus rerum. Et necessitatibus architecto aut consequatur debitis et id.,HarperCollins
Freakonomics,"Dubner, Stephen",economics,197,Dolorum amet iste laborum eius est dolor. Minus voluptatem quisquam quibusdam sed. A quo sed fugit facilis perferendis dolores molestias. Sit veniam sed fuga aspernatur natus. Quas dignissimos perferendis voluptatibus incidunt nostrum quia possimus rerum. Et necessitatibus architecto aut consequatur debitis et id.,Penguin
"Hidden Connections, The","Capra, Fritjof",science,197,Dolorum amet iste laborum eius est dolor. Minus voluptatem quisquam quibusdam sed. A quo sed fugit facilis perferendis dolores molestias. Sit veniam sed fuga aspernatur natus. Quas dignissimos perferendis voluptatibus incidunt nostrum quia possimus rerum. Et necessitatibus architecto aut consequatur debitis et id.,HarperCollins
"Story of Philosophy, The","Durant, Will",philosophy,170,Dolorum amet iste laborum eius est dolor. Minus voluptatem quisquam quibusdam sed. A quo sed fugit facilis perferendis dolores molestias. Sit veniam sed fuga aspernatur natus. Quas dignissimos perferendis voluptatibus incidunt nostrum quia possimus rerum. Et necessitatibus architecto aut consequatur debitis et id.,Pocket
Asami Asami,"Deshpande, P L",fiction,205,Dolorum amet iste laborum eius est dolor. Minus voluptatem quisquam quibusdam sed. A quo sed fugit facilis perferendis dolores molestias. Sit veniam sed fuga aspernatur natus. Quas dignissimos perferendis voluptatibus incidunt nostrum quia possimus rerum. Et necessitatibus architecto aut consequatur debitis et id.,Mauj
Journal of a Novel,"Steinbeck, John",fiction,196,Dolorum amet iste laborum eius est dolor. Minus voluptatem quisquam quibusdam sed. A quo sed fugit facilis perferendis dolores molestias. Sit veniam sed fuga aspernatur natus. Quas dignissimos perferendis voluptatibus incidunt nostrum quia possimus rerum. Et necessitatibus architecto aut consequatur debitis et id.,Penguin
Once There Was a War,"Steinbeck, John",nonfiction,196,Dolorum amet iste laborum eius est dolor. Minus voluptatem quisquam quibusdam sed. A quo sed fugit facilis perferendis dolores molestias. Sit veniam sed fuga aspernatur natus. Quas dignissimos perferendis voluptatibus incidunt nostrum quia possimus rerum. Et necessitatibus architecto aut consequatur debitis et id.,Penguin
"Moon is Down, The","Steinbeck, John",fiction,196,Dolorum amet iste laborum eius est dolor. Minus voluptatem quisquam quibusdam sed. A quo sed fugit facilis perferendis dolores molestias. Sit veniam sed fuga aspernatur natus. Quas dignissimos perferendis voluptatibus incidunt nostrum quia possimus rerum. Et necessitatibus architecto aut consequatur debitis et id.,Penguin
"Brethren, The","Grisham, John",fiction,174,Dolorum amet iste laborum eius est dolor. Minus voluptatem quisquam quibusdam sed. A quo sed fugit facilis perferendis dolores molestias. Sit veniam sed fuga aspernatur natus. Quas dignissimos perferendis voluptatibus incidunt nostrum quia possimus rerum. Et necessitatibus architecto aut consequatur debitis et id.,Random House
In a Free State,"Naipaul, V. S.",fiction,196,Dolorum amet iste laborum eius est dolor. Minus voluptatem quisquam quibusdam sed. A quo sed fugit facilis perferendis dolores molestias. Sit veniam sed fuga aspernatur natus. Quas dignissimos perferendis voluptatibus incidunt nostrum quia possimus rerum. Et necessitatibus architecto aut consequatur debitis et id.,Rupa
Catch 22,"Heller, Joseph",fiction,178,Dolorum amet iste laborum eius est dolor. Minus voluptatem quisquam quibusdam sed. A quo sed fugit facilis perferendis dolores molestias. Sit veniam sed fuga aspernatur natus. Quas dignissimos perferendis voluptatibus incidunt nostrum quia possimus rerum. Et necessitatibus architecto aut consequatur debitis et id.,Random House
"Complete Mastermind, The",BBC,nonfiction,178,Dolorum amet iste laborum eius est dolor. Minus voluptatem quisquam quibusdam sed. A quo sed fugit facilis perferendis dolores molestias. Sit veniam sed fuga aspernatur natus. Quas dignissimos perferendis voluptatibus incidunt nostrum quia possimus rerum. Et necessitatibus architecto aut consequatur debitis et id.,BBC
Dylan on Dylan,"Dylan, Bob",nonfiction,197,Dolorum amet iste laborum eius est dolor. Minus voluptatem quisquam quibusdam sed. A quo sed fugit facilis perferendis dolores molestias. Sit veniam sed fuga aspernatur natus. Quas dignissimos perferendis voluptatibus incidunt nostrum quia possimus rerum. Et necessitatibus architecto aut consequatur debitis et id.,Random House
Soft Computing & Intelligent Systems,"Gupta, Madan",data_science,242,Dolorum amet iste laborum eius est dolor. Minus voluptatem quisquam quibusdam sed. A quo sed fugit facilis perferendis dolores molestias. Sit veniam sed fuga aspernatur natus. Quas dignissimos perferendis voluptatibus incidunt nostrum quia possimus rerum. Et necessitatibus architecto aut consequatur debitis et id.,Elsevier
Textbook of Economic Theory,"Stonier, Alfred",economics,242,Dolorum amet iste laborum eius est dolor. Minus voluptatem quisquam quibusdam sed. A quo sed fugit facilis perferendis dolores molestias. Sit veniam sed fuga aspernatur natus. Quas dignissimos perferendis voluptatibus incidunt nostrum quia possimus rerum. Et necessitatibus architecto aut consequatur debitis et id.,Pearson
Econometric Analysis,"Greene, W. H.",economics,242,Dolorum amet iste laborum eius est dolor. Minus voluptatem quisquam quibusdam sed. A quo sed fugit facilis perferendis dolores molestias. Sit veniam sed fuga aspernatur natus. Quas dignissimos perferendis voluptatibus incidunt nostrum quia possimus rerum. Et necessitatibus architecto aut consequatur debitis et id.,Pearson
Learning OpenCV,"Bradsky, Gary",data_science,232,Dolorum amet iste laborum eius est dolor. Minus voluptatem quisquam quibusdam sed. A quo sed fugit facilis perferendis dolores molestias. Sit veniam sed fuga aspernatur natus. Quas dignissimos perferendis voluptatibus incidunt nostrum quia possimus rerum. Et necessitatibus architecto aut consequatur debitis et id.,O'Reilly
Data Structures Using C & C++,"Tanenbaum, Andrew",computer_science,235,Dolorum amet iste laborum eius est dolor. Minus voluptatem quisquam quibusdam sed. A quo sed fugit facilis perferendis dolores molestias. Sit veniam sed fuga aspernatur natus. Quas dignissimos perferendis voluptatibus incidunt nostrum quia possimus rerum. Et necessitatibus architecto aut consequatur debitis et id.,Prentice Hall
"Computer Vision, A Modern Approach","Forsyth, David",data_science,255,Dolorum amet iste laborum eius est dolor. Minus voluptatem quisquam quibusdam sed. A quo sed fugit facilis perferendis dolores molestias. Sit veniam sed fuga aspernatur natus. Quas dignissimos perferendis voluptatibus incidunt nostrum quia possimus rerum. Et necessitatibus architecto aut consequatur debitis et id.,Pearson
Principles of Communication Systems,"Taub, Schilling",computer_science,240,Dolorum amet iste laborum eius est dolor. Minus voluptatem quisquam quibusdam sed. A quo sed fugit facilis perferendis dolores molestias. Sit veniam sed fuga aspernatur natus. Quas dignissimos perferendis voluptatibus incidunt nostrum quia possimus rerum. Et necessitatibus architecto aut consequatur debitis et id.,TMH
Let Us C,"Kanetkar, Yashwant",computer_science,213,Dolorum amet iste laborum eius est dolor. Minus voluptatem quisquam quibusdam sed. A quo sed fugit facilis perferendis dolores molestias. Sit veniam sed fuga aspernatur natus. Quas dignissimos perferendis voluptatibus incidunt nostrum quia possimus rerum. Et necessitatibus architecto aut consequatur debitis et id.,Prentice Hall
"Amulet of Samarkand, The","Stroud, Jonathan",fiction,179,Dolorum amet iste laborum eius est dolor. Minus voluptatem quisquam quibusdam sed. A quo sed fugit facilis perferendis dolores molestias. Sit veniam sed fuga aspernatur natus. Quas dignissimos perferendis voluptatibus incidunt nostrum quia possimus rerum. Et necessitatibus architecto aut consequatur debitis et id.,Random House
Crime and Punishment,"Dostoevsky, Fyodor",fiction,180,Dolorum amet iste laborum eius est dolor. Minus voluptatem quisquam quibusdam sed. A quo sed fugit facilis perferendis dolores molestias. Sit veniam sed fuga aspernatur natus. Quas dignissimos perferendis voluptatibus incidunt nostrum quia possimus rerum. Et necessitatibus architecto aut consequatur debitis et id.,Penguin
Angels & Demons,"Brown, Dan",fiction,178,Dolorum amet iste laborum eius est dolor. Minus voluptatem quisquam quibusdam sed. A quo sed fugit facilis perferendis dolores molestias. Sit veniam sed fuga aspernatur natus. Quas dignissimos perferendis voluptatibus incidunt nostrum quia possimus rerum. Et necessitatibus architecto aut consequatur debitis et id.,Random House
"Argumentative Indian, The","Sen, Amartya",nonfiction,209,Dolorum amet iste laborum eius est dolor. Minus voluptatem quisquam quibusdam sed. A quo sed fugit facilis perferendis dolores molestias. Sit veniam sed fuga aspernatur natus. Quas dignissimos perferendis voluptatibus incidunt nostrum quia possimus rerum. Et necessitatibus architecto aut consequatur debitis et id.,Picador
Sea of Poppies,"Ghosh, Amitav",fiction,197,Dolorum amet iste laborum eius est dolor. Minus voluptatem quisquam quibusdam sed. A quo sed fugit facilis perferendis dolores molestias. Sit veniam sed fuga aspernatur natus. Quas dignissimos perferendis voluptatibus incidunt nostrum quia possimus rerum. Et necessitatibus architecto aut consequatur debitis et id.,Penguin
"Idea of Justice, The","Sen, Amartya",nonfiction,212,Dolorum amet iste laborum eius est dolor. Minus voluptatem quisquam quibusdam sed. A quo sed fugit facilis perferendis dolores molestias. Sit veniam sed fuga aspernatur natus. Quas dignissimos perferendis voluptatibus incidunt nostrum quia possimus rerum. Et necessitatibus architecto aut consequatur debitis et id.,Penguin
"Raisin in the Sun, A","Hansberry, Lorraine",fiction,175,Dolorum amet iste laborum eius est dolor. Minus voluptatem quisquam quibusdam sed. A quo sed fugit facilis perferendis dolores molestias. Sit veniam sed fuga aspernatur natus. Quas dignissimos perferendis voluptatibus incidunt nostrum quia possimus rerum. Et necessitatibus architecto aut consequatur debitis et id.,Penguin
All the President's Men,"Woodward, Bob",history,177,Dolorum amet iste laborum eius est dolor. Minus voluptatem quisquam quibusdam sed. A quo sed fugit facilis perferendis dolores molestias. Sit veniam sed fuga aspernatur natus. Quas dignissimos perferendis voluptatibus incidunt nostrum quia possimus rerum. Et necessitatibus architecto aut consequatur debitis et id.,Random House
"Prisoner of Birth, A","Archer, Jeffery",fiction,176,Dolorum amet iste laborum eius est dolor. Minus voluptatem quisquam quibusdam sed. A quo sed fugit facilis perferendis dolores molestias. Sit veniam sed fuga aspernatur natus. Quas dignissimos perferendis voluptatibus incidunt nostrum quia possimus rerum. Et necessitatibus architecto aut consequatur debitis et id.,Pan
Scoop!,"Nayar, Kuldip",history,216,Dolorum amet iste laborum eius est dolor. Minus voluptatem quisquam quibusdam sed. A quo sed fugit facilis perferendis dolores molestias. Sit veniam sed fuga aspernatur natus. Quas dignissimos perferendis voluptatibus incidunt nostrum quia possimus rerum. Et necessitatibus architecto aut consequatur debitis et id.,HarperCollins
Ahe Manohar Tari,"Deshpande, Sunita",nonfiction,213,Dolorum amet iste laborum eius est dolor. Minus voluptatem quisquam quibusdam sed. A quo sed fugit facilis perferendis dolores molestias. Sit veniam sed fuga aspernatur natus. Quas dignissimos perferendis voluptatibus incidunt nostrum quia possimus rerum. Et necessitatibus architecto aut consequatur debitis et id.,Mauj
"Last Mughal, The","Dalrymple, William",history,199,Dolorum amet iste laborum eius est dolor. Minus voluptatem quisquam quibusdam sed. A quo sed fugit facilis perferendis dolores molestias. Sit veniam sed fuga aspernatur natus. Quas dignissimos perferendis voluptatibus incidunt nostrum quia possimus rerum. Et necessitatibus architecto aut consequatur debitis et id.,Penguin
"Social Choice & Welfare, Vol 39 No. 1",Various,economics,235,Dolorum amet iste laborum eius est dolor. Minus voluptatem quisquam quibusdam sed. A quo sed fugit facilis perferendis dolores molestias. Sit veniam sed fuga aspernatur natus. Quas dignissimos perferendis voluptatibus incidunt nostrum quia possimus rerum. Et necessitatibus architecto aut consequatur debitis et id.,Springer
Radiowaril Bhashane & Shrutika,"Deshpande, P L",nonfiction,213,Dolorum amet iste laborum eius est dolor. Minus voluptatem quisquam quibusdam sed. A quo sed fugit facilis perferendis dolores molestias. Sit veniam sed fuga aspernatur natus. Quas dignissimos perferendis voluptatibus incidunt nostrum quia possimus rerum. Et necessitatibus architecto aut consequatur debitis et id.,Mauj
Gun Gayin Awadi,"Deshpande, P L",nonfiction,212,Dolorum amet iste laborum eius est dolor. Minus voluptatem quisquam quibusdam sed. A quo sed fugit facilis perferendis dolores molestias. Sit veniam sed fuga aspernatur natus. Quas dignissimos perferendis voluptatibus incidunt nostrum quia possimus rerum. Et necessitatibus architecto aut consequatur debitis et id.,Mauj
Aghal Paghal,"Deshpande, P L",nonfiction,212,Dolorum amet iste laborum eius est dolor. Minus voluptatem quisquam quibusdam sed. A quo sed fugit facilis perferendis dolores molestias. Sit veniam sed fuga aspernatur natus. Quas dignissimos perferendis voluptatibus incidunt nostrum quia possimus rerum. Et necessitatibus architecto aut consequatur debitis et id.,Mauj
Maqta-e-Ghalib,"Garg, Sanjay",fiction,221,Dolorum amet iste laborum eius est dolor. Minus voluptatem quisquam quibusdam sed. A quo sed fugit facilis perferendis dolores molestias. Sit veniam sed fuga aspernatur natus. Quas dignissimos perferendis voluptatibus incidunt nostrum quia possimus rerum. Et necessitatibus architecto aut consequatur debitis et id.,Mauj
Beyond Degrees,,nonfiction,222,Dolorum amet iste laborum eius est dolor. Minus voluptatem quisquam quibusdam sed. A quo sed fugit facilis perferendis dolores molestias. Sit veniam sed fuga aspernatur natus. Quas dignissimos perferendis voluptatibus incidunt nostrum quia possimus rerum. Et necessitatibus architecto aut consequatur debitis et id.,HarperCollins
Manasa,"Kale, V P",nonfiction,213,Dolorum amet iste laborum eius est dolor. Minus voluptatem quisquam quibusdam sed. A quo sed fugit facilis perferendis dolores molestias. Sit veniam sed fuga aspernatur natus. Quas dignissimos perferendis voluptatibus incidunt nostrum quia possimus rerum. Et necessitatibus architecto aut consequatur debitis et id.,Mauj
India from Midnight to Milennium,"Tharoor, Shashi",history,198,Dolorum amet iste laborum eius est dolor. Minus voluptatem quisquam quibusdam sed. A quo sed fugit facilis perferendis dolores molestias. Sit veniam sed fuga aspernatur natus. Quas dignissimos perferendis voluptatibus incidunt nostrum quia possimus rerum. Et necessitatibus architecto aut consequatur debitis et id.,Penguin
"World's Greatest Trials, The",,history,210,Dolorum amet iste laborum eius est dolor. Minus voluptatem quisquam quibusdam sed. A quo sed fugit facilis perferendis dolores molestias. Sit veniam sed fuga aspernatur natus. Quas dignissimos perferendis voluptatibus incidunt nostrum quia possimus rerum. Et necessitatibus architecto aut consequatur debitis et id.,
"Great Indian Novel, The","Tharoor, Shashi",fiction,198,Dolorum amet iste laborum eius est dolor. Minus voluptatem quisquam quibusdam sed. A quo sed fugit facilis perferendis dolores molestias. Sit veniam sed fuga aspernatur natus. Quas dignissimos perferendis voluptatibus incidunt nostrum quia possimus rerum. Et necessitatibus architecto aut consequatur debitis et id.,Penguin
O Jerusalem!,"Lapierre, Dominique",history,217,Dolorum amet iste laborum eius est dolor. Minus voluptatem quisquam quibusdam sed. A quo sed fugit facilis perferendis dolores molestias. Sit veniam sed fuga aspernatur natus. Quas dignissimos perferendis voluptatibus incidunt nostrum quia possimus rerum. Et necessitatibus architecto aut consequatur debitis et id.,vikas
"City of Joy, The","Lapierre, Dominique",fiction,177,Dolorum amet iste laborum eius est dolor. Minus voluptatem quisquam quibusdam sed. A quo sed fugit facilis perferendis dolores molestias. Sit veniam sed fuga aspernatur natus. Quas dignissimos perferendis voluptatibus incidunt nostrum quia possimus rerum. Et necessitatibus architecto aut consequatur debitis et id.,vikas
Freedom at Midnight,"Lapierre, Dominique",history,167,Dolorum amet iste laborum eius est dolor. Minus voluptatem quisquam quibusdam sed. A quo sed fugit facilis perferendis dolores molestias. Sit veniam sed fuga aspernatur natus. Quas dignissimos perferendis voluptatibus incidunt nostrum quia possimus rerum. Et necessitatibus architecto aut consequatur debitis et id.,vikas
"Winter of Our Discontent, The","Steinbeck, John",fiction,196,Dolorum amet iste laborum eius est dolor. Minus voluptatem quisquam quibusdam sed. A quo sed fugit facilis perferendis dolores molestias. Sit veniam sed fuga aspernatur natus. Quas dignissimos perferendis voluptatibus incidunt nostrum quia possimus rerum. Et necessitatibus architecto aut consequatur debitis et id.,Penguin
On Education,"Russell, Bertrand",philosophy,203,Dolorum amet iste laborum eius est dolor. Minus voluptatem quisquam quibusdam sed. A quo sed fugit facilis perferendis dolores molestias. Sit veniam sed fuga aspernatur natus. Quas dignissimos perferendis voluptatibus incidunt nostrum quia possimus rerum. Et necessitatibus architecto aut consequatur debitis et id.,Routledge
Free Will,"Harris, Sam",philosophy,203,Dolorum amet iste laborum eius est dolor. Minus voluptatem quisquam quibusdam sed. A quo sed fugit facilis perferendis dolores molestias. Sit veniam sed fuga aspernatur natus. Quas dignissimos perferendis voluptatibus incidunt nostrum quia possimus rerum. Et necessitatibus architecto aut consequatur debitis et id.,FreePress
Bookless in Baghdad,"Tharoor, Shashi",nonfiction,206,Dolorum amet iste laborum eius est dolor. Minus voluptatem quisquam quibusdam sed. A quo sed fugit facilis perferendis dolores molestias. Sit veniam sed fuga aspernatur natus. Quas dignissimos perferendis voluptatibus incidunt nostrum quia possimus rerum. Et necessitatibus architecto aut consequatur debitis et id.,Penguin
"Case of the Lame Canary, The","Gardner, Earle Stanley",fiction,179,Dolorum amet iste laborum eius est dolor. Minus voluptatem quisquam quibusdam sed. A quo sed fugit facilis perferendis dolores molestias. Sit veniam sed fuga aspernatur natus. Quas dignissimos perferendis voluptatibus incidunt nostrum quia possimus rerum. Et necessitatibus architecto aut consequatur debitis et id.,
"Theory of Everything, The","Hawking, Stephen",science,217,Dolorum amet iste laborum eius est dolor. Minus voluptatem quisquam quibusdam sed. A quo sed fugit facilis perferendis dolores molestias. Sit veniam sed fuga aspernatur natus. Quas dignissimos perferendis voluptatibus incidunt nostrum quia possimus rerum. Et necessitatibus architecto aut consequatur debitis et id.,Jaico
New Markets & Other Essays,"Drucker, Peter",economics,176,Dolorum amet iste laborum eius est dolor. Minus voluptatem quisquam quibusdam sed. A quo sed fugit facilis perferendis dolores molestias. Sit veniam sed fuga aspernatur natus. Quas dignissimos perferendis voluptatibus incidunt nostrum quia possimus rerum. Et necessitatibus architecto aut consequatur debitis et id.,Penguin
Electric Universe,"Bodanis, David",science,201,Dolorum amet iste laborum eius est dolor. Minus voluptatem quisquam quibusdam sed. A quo sed fugit facilis perferendis dolores molestias. Sit veniam sed fuga aspernatur natus. Quas dignissimos perferendis voluptatibus incidunt nostrum quia possimus rerum. Et necessitatibus architecto aut consequatur debitis et id.,Penguin
"Hunchback of Notre Dame, The","Hugo, Victor",fiction,175,Dolorum amet iste laborum eius est dolor. Minus voluptatem quisquam quibusdam sed. A quo sed fugit facilis perferendis dolores molestias. Sit veniam sed fuga aspernatur natus. Quas dignissimos perferendis voluptatibus incidunt nostrum quia possimus rerum. Et necessitatibus architecto aut consequatur debitis et id.,Random House
Burning Bright,"Steinbeck, John",fiction,175,Dolorum amet iste laborum eius est dolor. Minus voluptatem quisquam quibusdam sed. A quo sed fugit facilis perferendis dolores molestias. Sit veniam sed fuga aspernatur natus. Quas dignissimos perferendis voluptatibus incidunt nostrum quia possimus rerum. Et necessitatibus architecto aut consequatur debitis et id.,Penguin
"Age of Discontuinity, The","Drucker, Peter",economics,178,Dolorum amet iste laborum eius est dolor. Minus voluptatem quisquam quibusdam sed. A quo sed fugit facilis perferendis dolores molestias. Sit veniam sed fuga aspernatur natus. Quas dignissimos perferendis voluptatibus incidunt nostrum quia possimus rerum. Et necessitatibus architecto aut consequatur debitis et id.,Random House
Doctor in the Nude,"Gordon, Richard",fiction,179,Dolorum amet iste laborum eius est dolor. Minus voluptatem quisquam quibusdam sed. A quo sed fugit facilis perferendis dolores molestias. Sit veniam sed fuga aspernatur natus. Quas dignissimos perferendis voluptatibus incidunt nostrum quia possimus rerum. Et necessitatibus architecto aut consequatur debitis et id.,Penguin
Down and Out in Paris & London,"Orwell, George",nonfiction,179,Dolorum amet iste laborum eius est dolor. Minus voluptatem quisquam quibusdam sed. A quo sed fugit facilis perferendis dolores molestias. Sit veniam sed fuga aspernatur natus. Quas dignissimos perferendis voluptatibus incidunt nostrum quia possimus rerum. Et necessitatibus architecto aut consequatur debitis et id.,Penguin
Identity & Violence,"Sen, Amartya",philosophy,219,Dolorum amet iste laborum eius est dolor. Minus voluptatem quisquam quibusdam sed. A quo sed fugit facilis perferendis dolores molestias. Sit veniam sed fuga aspernatur natus. Quas dignissimos perferendis voluptatibus incidunt nostrum quia possimus rerum. Et necessitatibus architecto aut consequatur debitis et id.,Penguin
Beyond the Three Seas,"Dalrymple, William",history,197,Dolorum amet iste laborum eius est dolor. Minus voluptatem quisquam quibusdam sed. A quo sed fugit facilis perferendis dolores molestias. Sit veniam sed fuga aspernatur natus. Quas dignissimos perferendis voluptatibus incidunt nostrum quia possimus rerum. Et necessitatibus architecto aut consequatur debitis et id.,Random House
"World's Greatest Short Stories, The",,fiction,217,Dolorum amet iste laborum eius est dolor. Minus voluptatem quisquam quibusdam sed. A quo sed fugit facilis perferendis dolores molestias. Sit veniam sed fuga aspernatur natus. Quas dignissimos perferendis voluptatibus incidunt nostrum quia possimus rerum. Et necessitatibus architecto aut consequatur debitis et id.,Jaico
Talking Straight,"Iacoca, Lee",nonfiction,175,Dolorum amet iste laborum eius est dolor. Minus voluptatem quisquam quibusdam sed. A quo sed fugit facilis perferendis dolores molestias. Sit veniam sed fuga aspernatur natus. Quas dignissimos perferendis voluptatibus incidunt nostrum quia possimus rerum. Et necessitatibus architecto aut consequatur debitis et id.,
"Maugham's Collected Short Stories, Vol 3","Maugham, William S",fiction,171,Dolorum amet iste laborum eius est dolor. Minus voluptatem quisquam quibusdam sed. A quo sed fugit facilis perferendis dolores molestias. Sit veniam sed fuga aspernatur natus. Quas dignissimos perferendis voluptatibus incidunt nostrum quia possimus rerum. Et necessitatibus architecto aut consequatur debitis et id.,Vintage
"Phantom of Manhattan, The","Forsyth, Frederick",fiction,180,Dolorum amet iste laborum eius est dolor. Minus voluptatem quisquam quibusdam sed. A quo sed fugit facilis perferendis dolores molestias. Sit veniam sed fuga aspernatur natus. Quas dignissimos perferendis voluptatibus incidunt nostrum quia possimus rerum. Et necessitatibus architecto aut consequatur debitis et id.,
Ashenden of The British Agent,"Maugham, William S",fiction,160,Dolorum amet iste laborum eius est dolor. Minus voluptatem quisquam quibusdam sed. A quo sed fugit facilis perferendis dolores molestias. Sit veniam sed fuga aspernatur natus. Quas dignissimos perferendis voluptatibus incidunt nostrum quia possimus rerum. Et necessitatibus architecto aut consequatur debitis et id.,Vintage
Zen & The Art of Motorcycle Maintenance,"Pirsig, Robert",philosophy,172,Dolorum amet iste laborum eius est dolor. Minus voluptatem quisquam quibusdam sed. A quo sed fugit facilis perferendis dolores molestias. Sit veniam sed fuga aspernatur natus. Quas dignissimos perferendis voluptatibus incidunt nostrum quia possimus rerum. Et necessitatibus architecto aut consequatur debitis et id.,Vintage
"Great War for Civilization, The","Fisk, Robert",history,197,Dolorum amet iste laborum eius est dolor. Minus voluptatem quisquam quibusdam sed. A quo sed fugit facilis perferendis dolores molestias. Sit veniam sed fuga aspernatur natus. Quas dignissimos perferendis voluptatibus incidunt nostrum quia possimus rerum. Et necessitatibus architecto aut consequatur debitis et id.,HarperCollins
We the Living,"Rand, Ayn",fiction,178,Dolorum amet iste laborum eius est dolor. Minus voluptatem quisquam quibusdam sed. A quo sed fugit facilis perferendis dolores molestias. Sit veniam sed fuga aspernatur natus. Quas dignissimos perferendis voluptatibus incidunt nostrum quia possimus rerum. Et necessitatibus architecto aut consequatur debitis et id.,Penguin
"Artist and the Mathematician, The","Aczel, Amir",science,186,Dolorum amet iste laborum eius est dolor. Minus voluptatem quisquam quibusdam sed. A quo sed fugit facilis perferendis dolores molestias. Sit veniam sed fuga aspernatur natus. Quas dignissimos perferendis voluptatibus incidunt nostrum quia possimus rerum. Et necessitatibus architecto aut consequatur debitis et id.,HighStakes
History of Western Philosophy,"Russell, Bertrand",philosophy,213,Dolorum amet iste laborum eius est dolor. Minus voluptatem quisquam quibusdam sed. A quo sed fugit facilis perferendis dolores molestias. Sit veniam sed fuga aspernatur natus. Quas dignissimos perferendis voluptatibus incidunt nostrum quia possimus rerum. Et necessitatibus architecto aut consequatur debitis et id.,Routledge
Selected Short Stories,,fiction,215,Dolorum amet iste laborum eius est dolor. Minus voluptatem quisquam quibusdam sed. A quo sed fugit facilis perferendis dolores molestias. Sit veniam sed fuga aspernatur natus. Quas dignissimos perferendis voluptatibus incidunt nostrum quia possimus rerum. Et necessitatibus architecto aut consequatur debitis et id.,Jaico
Rationality & Freedom,"Sen, Amartya",economics,213,Dolorum amet iste laborum eius est dolor. Minus voluptatem quisquam quibusdam sed. A quo sed fugit facilis perferendis dolores molestias. Sit veniam sed fuga aspernatur natus. Quas dignissimos perferendis voluptatibus incidunt nostrum quia possimus rerum. Et necessitatibus architecto aut consequatur debitis et id.,Springer
Clash of Civilizations and Remaking of the World Order,"Huntington, Samuel",history,228,Dolorum amet iste laborum eius est dolor. Minus voluptatem quisquam quibusdam sed. A quo sed fugit facilis perferendis dolores molestias. Sit veniam sed fuga aspernatur natus. Quas dignissimos perferendis voluptatibus incidunt nostrum quia possimus rerum. Et necessitatibus architecto aut consequatur debitis et id.,Simon&Schuster
Uncommon Wisdom,"Capra, Fritjof",nonfiction,197,Dolorum amet iste laborum eius est dolor. Minus voluptatem quisquam quibusdam sed. A quo sed fugit facilis perferendis dolores molestias. Sit veniam sed fuga aspernatur natus. Quas dignissimos perferendis voluptatibus incidunt nostrum quia possimus rerum. Et necessitatibus architecto aut consequatur debitis et id.,Fontana
One,"Bach, Richard",nonfiction,172,Dolorum amet iste laborum eius est dolor. Minus voluptatem quisquam quibusdam sed. A quo sed fugit facilis perferendis dolores molestias. Sit veniam sed fuga aspernatur natus. Quas dignissimos perferendis voluptatibus incidunt nostrum quia possimus rerum. Et necessitatibus architecto aut consequatur debitis et id.,Dell
Karl Marx Biography,,nonfiction,162,Dolorum amet iste laborum eius est dolor. Minus voluptatem quisquam quibusdam sed. A quo sed fugit facilis perferendis dolores molestias. Sit veniam sed fuga aspernatur natus. Quas dignissimos perferendis voluptatibus incidunt nostrum quia possimus rerum. Et necessitatibus architecto aut consequatur debitis et id.,
To Sir With Love,Braithwaite,fiction,197,Dolorum amet iste laborum eius est dolor. Minus voluptatem quisquam quibusdam sed. A quo sed fugit facilis perferendis dolores molestias. Sit veniam sed fuga aspernatur natus. Quas dignissimos perferendis voluptatibus incidunt nostrum quia possimus rerum. Et necessitatibus architecto aut consequatur debitis et id.,,Penguin
Half A Life,"Naipaul, V S",fiction,196,Dolorum amet iste laborum eius est dolor. Minus voluptatem quisquam quibusdam sed. A quo sed fugit facilis perferendis dolores molestias. Sit veniam sed fuga aspernatur natus. Quas dignissimos perferendis voluptatibus incidunt nostrum quia possimus rerum. Et necessitatibus architecto aut consequatur debitis et id.,
"Discovery of India, The","Nehru, Jawaharlal",history,230,Dolorum amet iste laborum eius est dolor. Minus voluptatem quisquam quibusdam sed. A quo sed fugit facilis perferendis dolores molestias. Sit veniam sed fuga aspernatur natus. Quas dignissimos perferendis voluptatibus incidunt nostrum quia possimus rerum. Et necessitatibus architecto aut consequatur debitis et id.,
Apulki,"Deshpande, P L",nonfiction,211,Dolorum amet iste laborum eius est dolor. Minus voluptatem quisquam quibusdam sed. A quo sed fugit facilis perferendis dolores molestias. Sit veniam sed fuga aspernatur natus. Quas dignissimos perferendis voluptatibus incidunt nostrum quia possimus rerum. Et necessitatibus architecto aut consequatur debitis et id.,
Unpopular Essays,"Russell, Bertrand",philosophy,198,Dolorum amet iste laborum eius est dolor. Minus voluptatem quisquam quibusdam sed. A quo sed fugit facilis perferendis dolores molestias. Sit veniam sed fuga aspernatur natus. Quas dignissimos perferendis voluptatibus incidunt nostrum quia possimus rerum. Et necessitatibus architecto aut consequatur debitis et id.,
"Deceiver, The","Forsyth, Frederick",fiction,178,Dolorum amet iste laborum eius est dolor. Minus voluptatem quisquam quibusdam sed. A quo sed fugit facilis perferendis dolores molestias. Sit veniam sed fuga aspernatur natus. Quas dignissimos perferendis voluptatibus incidunt nostrum quia possimus rerum. Et necessitatibus architecto aut consequatur debitis et id.,
Veil: Secret Wars of the CIA,"Woodward, Bob",history,171,Dolorum amet iste laborum eius est dolor. Minus voluptatem quisquam quibusdam sed. A quo sed fugit facilis perferendis dolores molestias. Sit veniam sed fuga aspernatur natus. Quas dignissimos perferendis voluptatibus incidunt nostrum quia possimus rerum. Et necessitatibus architecto aut consequatur debitis et id.,
Char Shabda,"Deshpande, P L",nonfiction,214,Dolorum amet iste laborum eius est dolor. Minus voluptatem quisquam quibusdam sed. A quo sed fugit facilis perferendis dolores molestias. Sit veniam sed fuga aspernatur natus. Quas dignissimos perferendis voluptatibus incidunt nostrum quia possimus rerum. Et necessitatibus architecto aut consequatur debitis et id.,
Rosy is My Relative,"Durrell, Gerald",fiction,176,Dolorum amet iste laborum eius est dolor. Minus voluptatem quisquam quibusdam sed. A quo sed fugit facilis perferendis dolores molestias. Sit veniam sed fuga aspernatur natus. Quas dignissimos perferendis voluptatibus incidunt nostrum quia possimus rerum. Et necessitatibus architecto aut consequatur debitis et id.,
"Moon and Sixpence, The","Maugham, William S",fiction,180,Dolorum amet iste laborum eius est dolor. Minus voluptatem quisquam quibusdam sed. A quo sed fugit facilis perferendis dolores molestias. Sit veniam sed fuga aspernatur natus. Quas dignissimos perferendis voluptatibus incidunt nostrum quia possimus rerum. Et necessitatibus architecto aut consequatur debitis et id.,
Political Philosophers,,philosophy,162,Dolorum amet iste laborum eius est dolor. Minus voluptatem quisquam quibusdam sed. A quo sed fugit facilis perferendis dolores molestias. Sit veniam sed fuga aspernatur natus. Quas dignissimos perferendis voluptatibus incidunt nostrum quia possimus rerum. Et necessitatibus architecto aut consequatur debitis et id.,
"Short History of the World, A","Wells, H G",history,197,Dolorum amet iste laborum eius est dolor. Minus voluptatem quisquam quibusdam sed. A quo sed fugit facilis perferendis dolores molestias. Sit veniam sed fuga aspernatur natus. Quas dignissimos perferendis voluptatibus incidunt nostrum quia possimus rerum. Et necessitatibus architecto aut consequatur debitis et id.,
"Trembling of a Leaf, The","Maugham, William S",fiction,205,Dolorum amet iste laborum eius est dolor. Minus voluptatem quisquam quibusdam sed. A quo sed fugit facilis perferendis dolores molestias. Sit veniam sed fuga aspernatur natus. Quas dignissimos perferendis voluptatibus incidunt nostrum quia possimus rerum. Et necessitatibus architecto aut consequatur debitis et id.,
Doctor on the Brain,"Gordon, Richard",fiction,204,Dolorum amet iste laborum eius est dolor. Minus voluptatem quisquam quibusdam sed. A quo sed fugit facilis perferendis dolores molestias. Sit veniam sed fuga aspernatur natus. Quas dignissimos perferendis voluptatibus incidunt nostrum quia possimus rerum. Et necessitatibus architecto aut consequatur debitis et id.,
Simpsons & Their Mathematical Secrets,"Singh, Simon",science,233,Dolorum amet iste laborum eius est dolor. Minus voluptatem quisquam quibusdam sed. A quo sed fugit facilis perferendis dolores molestias. Sit veniam sed fuga aspernatur natus. Quas dignissimos perferendis voluptatibus incidunt nostrum quia possimus rerum. Et necessitatibus architecto aut consequatur debitis et id.,
Pattern Classification,"Duda, Hart",data_science,241,Dolorum amet iste laborum eius est dolor. Minus voluptatem quisquam quibusdam sed. A quo sed fugit facilis perferendis dolores molestias. Sit veniam sed fuga aspernatur natus. Quas dignissimos perferendis voluptatibus incidunt nostrum quia possimus rerum. Et necessitatibus architecto aut consequatur debitis et id.,
From Beirut to Jerusalem,"Friedman, Thomas",history,202,Dolorum amet iste laborum eius est dolor. Minus voluptatem quisquam quibusdam sed. A quo sed fugit facilis perferendis dolores molestias. Sit veniam sed fuga aspernatur natus. Quas dignissimos perferendis voluptatibus incidunt nostrum quia possimus rerum. Et necessitatibus architecto aut consequatur debitis et id.,
"Code Book, The","Singh, Simon",science,197,Dolorum amet iste laborum eius est dolor. Minus voluptatem quisquam quibusdam sed. A quo sed fugit facilis perferendis dolores molestias. Sit veniam sed fuga aspernatur natus. Quas dignissimos perferendis voluptatibus incidunt nostrum quia possimus rerum. Et necessitatibus architecto aut consequatur debitis et id.,
"Age of the Warrior, The","Fisk, Robert",history,197,Dolorum amet iste laborum eius est dolor. Minus voluptatem quisquam quibusdam sed. A quo sed fugit facilis perferendis dolores molestias. Sit veniam sed fuga aspernatur natus. Quas dignissimos perferendis voluptatibus incidunt nostrum quia possimus rerum. Et necessitatibus architecto aut consequatur debitis et id.,
Final Crisis,,comic,257,Dolorum amet iste laborum eius est dolor. Minus voluptatem quisquam quibusdam sed. A quo sed fugit facilis perferendis dolores molestias. Sit veniam sed fuga aspernatur natus. Quas dignissimos perferendis voluptatibus incidunt nostrum quia possimus rerum. Et necessitatibus architecto aut consequatur debitis et id.,
"Killing Joke, The",,comic,283,Dolorum amet iste laborum eius est dolor. Minus voluptatem quisquam quibusdam sed. A quo sed fugit facilis perferendis dolores molestias. Sit veniam sed fuga aspernatur natus. Quas dignissimos perferendis voluptatibus incidunt nostrum quia possimus rerum. Et necessitatibus architecto aut consequatur debitis et id.,
Flashpoint,,comic,265,Dolorum amet iste laborum eius est dolor. Minus voluptatem quisquam quibusdam sed. A quo sed fugit facilis perferendis dolores molestias. Sit veniam sed fuga aspernatur natus. Quas dignissimos perferendis voluptatibus incidunt nostrum quia possimus rerum. Et necessitatibus architecto aut consequatur debitis et id.,
Batman Earth One,,comic,265,Dolorum amet iste laborum eius est dolor. Minus voluptatem quisquam quibusdam sed. A quo sed fugit facilis perferendis dolores molestias. Sit veniam sed fuga aspernatur natus. Quas dignissimos perferendis voluptatibus incidunt nostrum quia possimus rerum. Et necessitatibus architecto aut consequatur debitis et id.,
Crisis on Infinite Earths,,comic,258,Dolorum amet iste laborum eius est dolor. Minus voluptatem quisquam quibusdam sed. A quo sed fugit facilis perferendis dolores molestias. Sit veniam sed fuga aspernatur natus. Quas dignissimos perferendis voluptatibus incidunt nostrum quia possimus rerum. Et necessitatibus architecto aut consequatur debitis et id.,
"Numbers Behind Numb3rs, The","Devlin, Keith",science,202,Dolorum amet iste laborum eius est dolor. Minus voluptatem quisquam quibusdam sed. A quo sed fugit facilis perferendis dolores molestias. Sit veniam sed fuga aspernatur natus. Quas dignissimos perferendis voluptatibus incidunt nostrum quia possimus rerum. Et necessitatibus architecto aut consequatur debitis et id.,
Superman Earth One - 1,,comic,259,Dolorum amet iste laborum eius est dolor. Minus voluptatem quisquam quibusdam sed. A quo sed fugit facilis perferendis dolores molestias. Sit veniam sed fuga aspernatur natus. Quas dignissimos perferendis voluptatibus incidunt nostrum quia possimus rerum. Et necessitatibus architecto aut consequatur debitis et id.,
Superman Earth One - 2,,comic,258,Dolorum amet iste laborum eius est dolor. Minus voluptatem quisquam quibusdam sed. A quo sed fugit facilis perferendis dolores molestias. Sit veniam sed fuga aspernatur natus. Quas dignissimos perferendis voluptatibus incidunt nostrum quia possimus rerum. Et necessitatibus architecto aut consequatur debitis et id.,
Justice League: Throne of Atlantis,,comic,258,Dolorum amet iste laborum eius est dolor. Minus voluptatem quisquam quibusdam sed. A quo sed fugit facilis perferendis dolores molestias. Sit veniam sed fuga aspernatur natus. Quas dignissimos perferendis voluptatibus incidunt nostrum quia possimus rerum. Et necessitatibus architecto aut consequatur debitis et id.,
Justice League: The Villain's Journey,,comic,258,Dolorum amet iste laborum eius est dolor. Minus voluptatem quisquam quibusdam sed. A quo sed fugit facilis perferendis dolores molestias. Sit veniam sed fuga aspernatur natus. Quas dignissimos perferendis voluptatibus incidunt nostrum quia possimus rerum. Et necessitatibus architecto aut consequatur debitis et id.,
"Death of Superman, The",,comic,258,Dolorum amet iste laborum eius est dolor. Minus voluptatem quisquam quibusdam sed. A quo sed fugit facilis perferendis dolores molestias. Sit veniam sed fuga aspernatur natus. Quas dignissimos perferendis voluptatibus incidunt nostrum quia possimus rerum. Et necessitatibus architecto aut consequatur debitis et id.,
History of the DC Universe,,comic,258,Dolorum amet iste laborum eius est dolor. Minus voluptatem quisquam quibusdam sed. A quo sed fugit facilis perferendis dolores molestias. Sit veniam sed fuga aspernatur natus. Quas dignissimos perferendis voluptatibus incidunt nostrum quia possimus rerum. Et necessitatibus architecto aut consequatur debitis et id.,
Batman: The Long Halloween,,comic,258,Dolorum amet iste laborum eius est dolor. Minus voluptatem quisquam quibusdam sed. A quo sed fugit facilis perferendis dolores molestias. Sit veniam sed fuga aspernatur natus. Quas dignissimos perferendis voluptatibus incidunt nostrum quia possimus rerum. Et necessitatibus architecto aut consequatur debitis et id.,
"Life in Letters, A","Steinbeck, John",nonfiction,196,Dolorum amet iste laborum eius est dolor. Minus voluptatem quisquam quibusdam sed. A quo sed fugit facilis perferendis dolores molestias. Sit veniam sed fuga aspernatur natus. Quas dignissimos perferendis voluptatibus incidunt nostrum quia possimus rerum. Et necessitatibus architecto aut consequatur debitis et id.,
"Information, The","Gleick, James",science,233,Dolorum amet iste laborum eius est dolor. Minus voluptatem quisquam quibusdam sed. A quo sed fugit facilis perferendis dolores molestias. Sit veniam sed fuga aspernatur natus. Quas dignissimos perferendis voluptatibus incidunt nostrum quia possimus rerum. Et necessitatibus architecto aut consequatur debitis et id.,
"Journal of Economics, vol 106 No 3",,economics,235,Dolorum amet iste laborum eius est dolor. Minus voluptatem quisquam quibusdam sed. A quo sed fugit facilis perferendis dolores molestias. Sit veniam sed fuga aspernatur natus. Quas dignissimos perferendis voluptatibus incidunt nostrum quia possimus rerum. Et necessitatibus architecto aut consequatur debitis et id.,
Elements of Information Theory,"Thomas, Joy",data_science,229,Dolorum amet iste laborum eius est dolor. Minus voluptatem quisquam quibusdam sed. A quo sed fugit facilis perferendis dolores molestias. Sit veniam sed fuga aspernatur natus. Quas dignissimos perferendis voluptatibus incidunt nostrum quia possimus rerum. Et necessitatibus architecto aut consequatur debitis et id.,
Power Electronics - Rashid,"Rashid, Muhammad",computer_science,235,Dolorum amet iste laborum eius est dolor. Minus voluptatem quisquam quibusdam sed. A quo sed fugit facilis perferendis dolores molestias. Sit veniam sed fuga aspernatur natus. Quas dignissimos perferendis voluptatibus incidunt nostrum quia possimus rerum. Et necessitatibus architecto aut consequatur debitis et id.,
Power Electronics - Mohan,"Mohan, Ned",computer_science,237,Dolorum amet iste laborum eius est dolor. Minus voluptatem quisquam quibusdam sed. A quo sed fugit facilis perferendis dolores molestias. Sit veniam sed fuga aspernatur natus. Quas dignissimos perferendis voluptatibus incidunt nostrum quia possimus rerum. Et necessitatibus architecto aut consequatur debitis et id.,
Neural Networks,"Haykin, Simon",data_science,240,Dolorum amet iste laborum eius est dolor. Minus voluptatem quisquam quibusdam sed. A quo sed fugit facilis perferendis dolores molestias. Sit veniam sed fuga aspernatur natus. Quas dignissimos perferendis voluptatibus incidunt nostrum quia possimus rerum. Et necessitatibus architecto aut consequatur debitis et id.,
"Grapes of Wrath, The","Steinbeck, John",fiction,196,Dolorum amet iste laborum eius est dolor. Minus voluptatem quisquam quibusdam sed. A quo sed fugit facilis perferendis dolores molestias. Sit veniam sed fuga aspernatur natus. Quas dignissimos perferendis voluptatibus incidunt nostrum quia possimus rerum. Et necessitatibus architecto aut consequatur debitis et id.,
Vyakti ani Valli,"Deshpande, P L",nonfiction,211,Dolorum amet iste laborum eius est dolor. Minus voluptatem quisquam quibusdam sed. A quo sed fugit facilis perferendis dolores molestias. Sit veniam sed fuga aspernatur natus. Quas dignissimos perferendis voluptatibus incidunt nostrum quia possimus rerum. Et necessitatibus architecto aut consequatur debitis et id.,
Statistical Learning Theory,"Vapnik, Vladimir",data_science,228,Dolorum amet iste laborum eius est dolor. Minus voluptatem quisquam quibusdam sed. A quo sed fugit facilis perferendis dolores molestias. Sit veniam sed fuga aspernatur natus. Quas dignissimos perferendis voluptatibus incidunt nostrum quia possimus rerum. Et necessitatibus architecto aut consequatur debitis et id.,
Empire of the Mughal - The Tainted Throne,"Rutherford, Alex",history,180,Dolorum amet iste laborum eius est dolor. Minus voluptatem quisquam quibusdam sed. A quo sed fugit facilis perferendis dolores molestias. Sit veniam sed fuga aspernatur natus. Quas dignissimos perferendis voluptatibus incidunt nostrum quia possimus rerum. Et necessitatibus architecto aut consequatur debitis et id.,
Empire of the Mughal - Brothers at War,"Rutherford, Alex",history,180,Dolorum amet iste laborum eius est dolor. Minus voluptatem quisquam quibusdam sed. A quo sed fugit facilis perferendis dolores molestias. Sit veniam sed fuga aspernatur natus. Quas dignissimos perferendis voluptatibus incidunt nostrum quia possimus rerum. Et necessitatibus architecto aut consequatur debitis et id.,
Empire of the Mughal - Ruler of the World,"Rutherford, Alex",history,180,Dolorum amet iste laborum eius est dolor. Minus voluptatem quisquam quibusdam sed. A quo sed fugit facilis perferendis dolores molestias. Sit veniam sed fuga aspernatur natus. Quas dignissimos perferendis voluptatibus incidunt nostrum quia possimus rerum. Et necessitatibus architecto aut consequatur debitis et id.,
Empire of the Mughal - The Serpent's Tooth,"Rutherford, Alex",history,180,Dolorum amet iste laborum eius est dolor. Minus voluptatem quisquam quibusdam sed. A quo sed fugit facilis perferendis dolores molestias. Sit veniam sed fuga aspernatur natus. Quas dignissimos perferendis voluptatibus incidunt nostrum quia possimus rerum. Et necessitatibus architecto aut consequatur debitis et id.,
Empire of the Mughal - Raiders from the North,"Rutherford, Alex",history,180,Dolorum amet iste laborum eius est dolor. Minus voluptatem quisquam quibusdam sed. A quo sed fugit facilis perferendis dolores molestias. Sit veniam sed fuga aspernatur natus. Quas dignissimos perferendis voluptatibus incidunt nostrum quia possimus rerum. Et necessitatibus architecto aut consequatur debitis et id.,
Mossad,"Baz-Zohar, Michael",history,236,Dolorum amet iste laborum eius est dolor. Minus voluptatem quisquam quibusdam sed. A quo sed fugit facilis perferendis dolores molestias. Sit veniam sed fuga aspernatur natus. Quas dignissimos perferendis voluptatibus incidunt nostrum quia possimus rerum. Et necessitatibus architecto aut consequatur debitis et id.,
Jim Corbett Omnibus,"Corbett, Jim",nonfiction,223,Dolorum amet iste laborum eius est dolor. Minus voluptatem quisquam quibusdam sed. A quo sed fugit facilis perferendis dolores molestias. Sit veniam sed fuga aspernatur natus. Quas dignissimos perferendis voluptatibus incidunt nostrum quia possimus rerum. Et necessitatibus architecto aut consequatur debitis et id.,
20000 Leagues Under the Sea,"Verne, Jules",fiction,190,Dolorum amet iste laborum eius est dolor. Minus voluptatem quisquam quibusdam sed. A quo sed fugit facilis perferendis dolores molestias. Sit veniam sed fuga aspernatur natus. Quas dignissimos perferendis voluptatibus incidunt nostrum quia possimus rerum. Et necessitatibus architecto aut consequatur debitis et id.,
Batatyachi Chal,Deshpande P L,fiction,200,Dolorum amet iste laborum eius est dolor. Minus voluptatem quisquam quibusdam sed. A quo sed fugit facilis perferendis dolores molestias. Sit veniam sed fuga aspernatur natus. Quas dignissimos perferendis voluptatibus incidunt nostrum quia possimus rerum. Et necessitatibus architecto aut consequatur debitis et id.,
Hafasavnuk,Deshpande P L,fiction,211,Dolorum amet iste laborum eius est dolor. Minus voluptatem quisquam quibusdam sed. A quo sed fugit facilis perferendis dolores molestias. Sit veniam sed fuga aspernatur natus. Quas dignissimos perferendis voluptatibus incidunt nostrum quia possimus rerum. Et necessitatibus architecto aut consequatur debitis et id.,
Urlasurla,Deshpande P L,fiction,211,Dolorum amet iste laborum eius est dolor. Minus voluptatem quisquam quibusdam sed. A quo sed fugit facilis perferendis dolores molestias. Sit veniam sed fuga aspernatur natus. Quas dignissimos perferendis voluptatibus incidunt nostrum quia possimus rerum. Et necessitatibus architecto aut consequatur debitis et id.,
Pointers in C,"Kanetkar, Yashwant",computer_science,213,Dolorum amet iste laborum eius est dolor. Minus voluptatem quisquam quibusdam sed. A quo sed fugit facilis perferendis dolores molestias. Sit veniam sed fuga aspernatur natus. Quas dignissimos perferendis voluptatibus incidunt nostrum quia possimus rerum. Et necessitatibus architecto aut consequatur debitis et id.,
"Cathedral and the Bazaar, The","Raymond, Eric",computer_science,217,Dolorum amet iste laborum eius est dolor. Minus voluptatem quisquam quibusdam sed. A quo sed fugit facilis perferendis dolores molestias. Sit veniam sed fuga aspernatur natus. Quas dignissimos perferendis voluptatibus incidunt nostrum quia possimus rerum. Et necessitatibus architecto aut consequatur debitis et id.,
Design with OpAmps,"Franco, Sergio",computer_science,240,Dolorum amet iste laborum eius est dolor. Minus voluptatem quisquam quibusdam sed. A quo sed fugit facilis perferendis dolores molestias. Sit veniam sed fuga aspernatur natus. Quas dignissimos perferendis voluptatibus incidunt nostrum quia possimus rerum. Et necessitatibus architecto aut consequatur debitis et id.,
Think Complexity,"Downey, Allen",data_science,230,Dolorum amet iste laborum eius est dolor. Minus voluptatem quisquam quibusdam sed. A quo sed fugit facilis perferendis dolores molestias. Sit veniam sed fuga aspernatur natus. Quas dignissimos perferendis voluptatibus incidunt nostrum quia possimus rerum. Et necessitatibus architecto aut consequatur debitis et id.,
"Devil's Advocate, The","West, Morris",fiction,178,Dolorum amet iste laborum eius est dolor. Minus voluptatem quisquam quibusdam sed. A quo sed fugit facilis perferendis dolores molestias. Sit veniam sed fuga aspernatur natus. Quas dignissimos perferendis voluptatibus incidunt nostrum quia possimus rerum. Et necessitatibus architecto aut consequatur debitis et id.,
Ayn Rand Answers,"Rand, Ayn",philosophy,203,Dolorum amet iste laborum eius est dolor. Minus voluptatem quisquam quibusdam sed. A quo sed fugit facilis perferendis dolores molestias. Sit veniam sed fuga aspernatur natus. Quas dignissimos perferendis voluptatibus incidunt nostrum quia possimus rerum. Et necessitatibus architecto aut consequatur debitis et id.,
Philosophy: Who Needs It,"Rand, Ayn",philosophy,171,Dolorum amet iste laborum eius est dolor. Minus voluptatem quisquam quibusdam sed. A quo sed fugit facilis perferendis dolores molestias. Sit veniam sed fuga aspernatur natus. Quas dignissimos perferendis voluptatibus incidunt nostrum quia possimus rerum. Et necessitatibus architecto aut consequatur debitis et id.,
"World's Great Thinkers, The",,philosophy,189,Dolorum amet iste laborum eius est dolor. Minus voluptatem quisquam quibusdam sed. A quo sed fugit facilis perferendis dolores molestias. Sit veniam sed fuga aspernatur natus. Quas dignissimos perferendis voluptatibus incidunt nostrum quia possimus rerum. Et necessitatibus architecto aut consequatur debitis et id.,
Data Analysis with Open Source Tools,"Janert, Phillip",data_science,230,Dolorum amet iste laborum eius est dolor. Minus voluptatem quisquam quibusdam sed. A quo sed fugit facilis perferendis dolores molestias. Sit veniam sed fuga aspernatur natus. Quas dignissimos perferendis voluptatibus incidunt nostrum quia possimus rerum. Et necessitatibus architecto aut consequatur debitis et id.,
Broca's Brain,"Sagan, Carl",science,174,Dolorum amet iste laborum eius est dolor. Minus voluptatem quisquam quibusdam sed. A quo sed fugit facilis perferendis dolores molestias. Sit veniam sed fuga aspernatur natus. Quas dignissimos perferendis voluptatibus incidunt nostrum quia possimus rerum. Et necessitatibus architecto aut consequatur debitis et id.,
Men of Mathematics,"Bell, E T",mathematics,217,Dolorum amet iste laborum eius est dolor. Minus voluptatem quisquam quibusdam sed. A quo sed fugit facilis perferendis dolores molestias. Sit veniam sed fuga aspernatur natus. Quas dignissimos perferendis voluptatibus incidunt nostrum quia possimus rerum. Et necessitatibus architecto aut consequatur debitis et id.,
Oxford book of Modern Science Writing,"Dawkins, Richard",science,240,Dolorum amet iste laborum eius est dolor. Minus voluptatem quisquam quibusdam sed. A quo sed fugit facilis perferendis dolores molestias. Sit veniam sed fuga aspernatur natus. Quas dignissimos perferendis voluptatibus incidunt nostrum quia possimus rerum. Et necessitatibus architecto aut consequatur debitis et id.,
"Justice, Judiciary and Democracy","Ranjan, Sudhanshu",philosophy,224,Dolorum amet iste laborum eius est dolor. Minus voluptatem quisquam quibusdam sed. A quo sed fugit facilis perferendis dolores molestias. Sit veniam sed fuga aspernatur natus. Quas dignissimos perferendis voluptatibus incidunt nostrum quia possimus rerum. Et necessitatibus architecto aut consequatur debitis et id.,
"Arthashastra, The",Kautiyla,philosophy,214,Dolorum amet iste laborum eius est dolor. Minus voluptatem quisquam quibusdam sed. A quo sed fugit facilis perferendis dolores molestias. Sit veniam sed fuga aspernatur natus. Quas dignissimos perferendis voluptatibus incidunt nostrum quia possimus rerum. Et necessitatibus architecto aut consequatur debitis et id.,
We the People,Palkhivala,philosophy,216,Dolorum amet iste laborum eius est dolor. Minus voluptatem quisquam quibusdam sed. A quo sed fugit facilis perferendis dolores molestias. Sit veniam sed fuga aspernatur natus. Quas dignissimos perferendis voluptatibus incidunt nostrum quia possimus rerum. Et necessitatibus architecto aut consequatur debitis et id.,
We the Nation,Palkhivala,philosophy,216,Dolorum amet iste laborum eius est dolor. Minus voluptatem quisquam quibusdam sed. A quo sed fugit facilis perferendis dolores molestias. Sit veniam sed fuga aspernatur natus. Quas dignissimos perferendis voluptatibus incidunt nostrum quia possimus rerum. Et necessitatibus architecto aut consequatur debitis et id.,
"Courtroom Genius, The",Sorabjee,nonfiction,217,Dolorum amet iste laborum eius est dolor. Minus voluptatem quisquam quibusdam sed. A quo sed fugit facilis perferendis dolores molestias. Sit veniam sed fuga aspernatur natus. Quas dignissimos perferendis voluptatibus incidunt nostrum quia possimus rerum. Et necessitatibus architecto aut consequatur debitis et id.,
Dongri to Dubai,"Zaidi, Hussain",nonfiction,216,Dolorum amet iste laborum eius est dolor. Minus voluptatem quisquam quibusdam sed. A quo sed fugit facilis perferendis dolores molestias. Sit veniam sed fuga aspernatur natus. Quas dignissimos perferendis voluptatibus incidunt nostrum quia possimus rerum. Et necessitatibus architecto aut consequatur debitis et id.,
"History of England, Foundation","Ackroyd, Peter",history,197,Dolorum amet iste laborum eius est dolor. Minus voluptatem quisquam quibusdam sed. A quo sed fugit facilis perferendis dolores molestias. Sit veniam sed fuga aspernatur natus. Quas dignissimos perferendis voluptatibus incidunt nostrum quia possimus rerum. Et necessitatibus architecto aut consequatur debitis et id.,
City of Djinns,"Dalrymple, William",history,198,Dolorum amet iste laborum eius est dolor. Minus voluptatem quisquam quibusdam sed. A quo sed fugit facilis perferendis dolores molestias. Sit veniam sed fuga aspernatur natus. Quas dignissimos perferendis voluptatibus incidunt nostrum quia possimus rerum. Et necessitatibus architecto aut consequatur debitis et id.,
India's Legal System,Nariman,nonfiction,177,Dolorum amet iste laborum eius est dolor. Minus voluptatem quisquam quibusdam sed. A quo sed fugit facilis perferendis dolores molestias. Sit veniam sed fuga aspernatur natus. Quas dignissimos perferendis voluptatibus incidunt nostrum quia possimus rerum. Et necessitatibus architecto aut consequatur debitis et id.,
More Tears to Cry,"Sassoon, Jean",fiction,235,Dolorum amet iste laborum eius est dolor. Minus voluptatem quisquam quibusdam sed. A quo sed fugit facilis perferendis dolores molestias. Sit veniam sed fuga aspernatur natus. Quas dignissimos perferendis voluptatibus incidunt nostrum quia possimus rerum. Et necessitatibus architecto aut consequatur debitis et id.,
"Ropemaker, The","Dickinson, Peter",fiction,196,Dolorum amet iste laborum eius est dolor. Minus voluptatem quisquam quibusdam sed. A quo sed fugit facilis perferendis dolores molestias. Sit veniam sed fuga aspernatur natus. Quas dignissimos perferendis voluptatibus incidunt nostrum quia possimus rerum. Et necessitatibus architecto aut consequatur debitis et id.,
Angels & Demons,"Brown, Dan",fiction,170,Dolorum amet iste laborum eius est dolor. Minus voluptatem quisquam quibusdam sed. A quo sed fugit facilis perferendis dolores molestias. Sit veniam sed fuga aspernatur natus. Quas dignissimos perferendis voluptatibus incidunt nostrum quia possimus rerum. Et necessitatibus architecto aut consequatur debitis et id.,
"Judge, The",,fiction,170,Dolorum amet iste laborum eius est dolor. Minus voluptatem quisquam quibusdam sed. A quo sed fugit facilis perferendis dolores molestias. Sit veniam sed fuga aspernatur natus. Quas dignissimos perferendis voluptatibus incidunt nostrum quia possimus rerum. Et necessitatibus architecto aut consequatur debitis et id.,
"Attorney, The",,fiction,170,Dolorum amet iste laborum eius est dolor. Minus voluptatem quisquam quibusdam sed. A quo sed fugit facilis perferendis dolores molestias. Sit veniam sed fuga aspernatur natus. Quas dignissimos perferendis voluptatibus incidunt nostrum quia possimus rerum. Et necessitatibus architecto aut consequatur debitis et id.,
"Prince, The",Machiavelli,philosophy,173,Dolorum amet iste laborum eius est dolor. Minus voluptatem quisquam quibusdam sed. A quo sed fugit facilis perferendis dolores molestias. Sit veniam sed fuga aspernatur natus. Quas dignissimos perferendis voluptatibus incidunt nostrum quia possimus rerum. Et necessitatibus architecto aut consequatur debitis et id.,
Eyeless in Gaza,"Huxley, Aldous",fiction,180,Dolorum amet iste laborum eius est dolor. Minus voluptatem quisquam quibusdam sed. A quo sed fugit facilis perferendis dolores molestias. Sit veniam sed fuga aspernatur natus. Quas dignissimos perferendis voluptatibus incidunt nostrum quia possimus rerum. Et necessitatibus architecto aut consequatur debitis et id.,
Tales of Beedle the Bard,"Rowling, J K",fiction,184,Dolorum amet iste laborum eius est dolor. Minus voluptatem quisquam quibusdam sed. A quo sed fugit facilis perferendis dolores molestias. Sit veniam sed fuga aspernatur natus. Quas dignissimos perferendis voluptatibus incidunt nostrum quia possimus rerum. Et necessitatibus architecto aut consequatur debitis et id.,
Girl with the Dragon Tattoo,"Larsson, Steig",fiction,179,Dolorum amet iste laborum eius est dolor. Minus voluptatem quisquam quibusdam sed. A quo sed fugit facilis perferendis dolores molestias. Sit veniam sed fuga aspernatur natus. Quas dignissimos perferendis voluptatibus incidunt nostrum quia possimus rerum. Et necessitatibus architecto aut consequatur debitis et id.,
Girl who kicked the Hornet's Nest,"Larsson, Steig",fiction,179,Dolorum amet iste laborum eius est dolor. Minus voluptatem quisquam quibusdam sed. A quo sed fugit facilis perferendis dolores molestias. Sit veniam sed fuga aspernatur natus. Quas dignissimos perferendis voluptatibus incidunt nostrum quia possimus rerum. Et necessitatibus architecto aut consequatur debitis et id.,
Girl who played with Fire,"Larsson, Steig",fiction,179,Dolorum amet iste laborum eius est dolor. Minus voluptatem quisquam quibusdam sed. A quo sed fugit facilis perferendis dolores molestias. Sit veniam sed fuga aspernatur natus. Quas dignissimos perferendis voluptatibus incidunt nostrum quia possimus rerum. Et necessitatibus architecto aut consequatur debitis et id.,
Batman Handbook,,comic,270,Dolorum amet iste laborum eius est dolor. Minus voluptatem quisquam quibusdam sed. A quo sed fugit facilis perferendis dolores molestias. Sit veniam sed fuga aspernatur natus. Quas dignissimos perferendis voluptatibus incidunt nostrum quia possimus rerum. Et necessitatibus architecto aut consequatur debitis et id.,
Murphy's Law,,nonfiction,178,Dolorum amet iste laborum eius est dolor. Minus voluptatem quisquam quibusdam sed. A quo sed fugit facilis perferendis dolores molestias. Sit veniam sed fuga aspernatur natus. Quas dignissimos perferendis voluptatibus incidunt nostrum quia possimus rerum. Et necessitatibus architecto aut consequatur debitis et id.,
Structure and Randomness,"Tao, Terence",mathematics,252,Dolorum amet iste laborum eius est dolor. Minus voluptatem quisquam quibusdam sed. A quo sed fugit facilis perferendis dolores molestias. Sit veniam sed fuga aspernatur natus. Quas dignissimos perferendis voluptatibus incidunt nostrum quia possimus rerum. Et necessitatibus architecto aut consequatur debitis et id.,
Image Processing with MATLAB,"Eddins, Steve",signal_processing,241,Dolorum amet iste laborum eius est dolor. Minus voluptatem quisquam quibusdam sed. A quo sed fugit facilis perferendis dolores molestias. Sit veniam sed fuga aspernatur natus. Quas dignissimos perferendis voluptatibus incidunt nostrum quia possimus rerum. Et necessitatibus architecto aut consequatur debitis et id.,
Animal Farm,"Orwell, George",fiction,180,Dolorum amet iste laborum eius est dolor. Minus voluptatem quisquam quibusdam sed. A quo sed fugit facilis perferendis dolores molestias. Sit veniam sed fuga aspernatur natus. Quas dignissimos perferendis voluptatibus incidunt nostrum quia possimus rerum. Et necessitatibus architecto aut consequatur debitis et id.,
"Idiot, The","Dostoevsky, Fyodor",fiction,197,Dolorum amet iste laborum eius est dolor. Minus voluptatem quisquam quibusdam sed. A quo sed fugit facilis perferendis dolores molestias. Sit veniam sed fuga aspernatur natus. Quas dignissimos perferendis voluptatibus incidunt nostrum quia possimus rerum. Et necessitatibus architecto aut consequatur debitis et id.,
"Christmas Carol, A","Dickens, Charles",fiction,196,Dolorum amet iste laborum eius est dolor. Minus voluptatem quisquam quibusdam sed. A quo sed fugit facilis perferendis dolores molestias. Sit veniam sed fuga aspernatur natus. Quas dignissimos perferendis voluptatibus incidunt nostrum quia possimus rerum. Et necessitatibus architecto aut consequatur debitis et id.,